,qid,docno,rel_score
0,1,3069,5
1,1,7248,5
2,1,2974,5
3,1,2673,5
4,1,3809,5
5,1,5894,5
6,1,9808,5
7,1,3834,5
8,1,6825,5
9,1,253,5
10,1,2843,5
11,1,3353,5
12,1,6793,5
13,1,3871,5
14,1,4448,5
15,1,7104,5
16,1,6087,5
17,1,7353,5
18,1,2878,5
19,1,6129,5
20,1,6585,5
21,1,7135,5
197,1,1550,4
198,1,2899,4
199,1,3469,4
200,1,3496,4
201,1,3736,4
202,1,6573,4
203,1,7828,4
204,1,8819,4
205,1,9076,4
206,1,9328,4
207,1,9362,4
208,1,9523,4
209,1,1368,4
210,1,2042,4
211,1,2207,4
212,1,3064,4
213,1,3567,4
214,1,3628,4
215,1,4081,4
216,1,4349,4
217,1,5796,4
218,1,6320,4
383,1,165,3
384,1,438,3
385,1,535,3
386,1,800,3
387,1,884,3
388,1,1988,3
389,1,2175,3
390,1,3523,3
391,1,3927,3
392,1,4216,3
393,1,4445,3
394,1,4598,3
395,1,5213,3
396,1,5648,3
397,1,6300,3
398,1,6709,3
399,1,8364,3
400,1,8419,3
401,1,8639,3
402,1,6760,3
403,1,798,3
404,1,881,3
599,1,461,2
600,1,523,2
601,1,908,2
602,1,1053,2
603,1,1703,2
604,1,2155,2
605,1,2423,2
606,1,3206,2
607,1,3512,2
608,1,3542,2
609,1,3608,2
610,1,4583,2
611,1,4878,2
612,1,5676,2
613,1,6385,2
614,1,6481,2
615,1,7213,2
616,1,7348,2
617,1,8505,2
618,1,8602,2
619,1,8871,2
620,1,8945,2
799,1,14,1
800,1,448,1
801,1,1044,1
802,1,1498,1
803,1,1509,1
804,1,1618,1
805,1,2093,1
806,1,2862,1
807,1,3881,1
808,1,3915,1
809,1,4616,1
810,1,5185,1
811,1,5456,1
812,1,6056,1
813,1,6177,1
814,1,6368,1
815,1,7164,1
816,1,5645,1
817,1,186,1
818,1,276,1
819,1,356,1
820,1,409,1
0,2,2076,5
1,2,8360,5
2,2,8495,5
3,2,8527,5
4,2,4212,5
5,2,3626,5
6,2,2943,5
7,2,5618,5
8,2,4664,5
9,2,7077,5
10,2,4606,5
11,2,7674,5
12,2,9509,5
13,2,7095,5
14,2,3609,5
15,2,7133,5
16,2,8786,5
17,2,5084,5
18,2,4013,5
19,2,3239,5
20,2,9309,5
21,2,9804,5
199,2,2694,4
200,2,3732,4
201,2,5532,4
202,2,8650,4
203,2,8733,4
204,2,9975,4
205,2,3563,4
206,2,596,4
207,2,72,4
208,2,3709,4
209,2,5483,4
210,2,7359,4
211,2,7747,4
212,2,8572,4
213,2,10210,4
214,2,10223,4
215,2,6986,4
216,2,587,4
217,2,2813,4
218,2,4071,4
219,2,8622,4
220,2,9379,4
397,2,402,3
398,2,491,3
399,2,1628,3
400,2,2656,3
401,2,3219,3
402,2,4245,3
403,2,4904,3
404,2,5289,3
405,2,6066,3
406,2,6069,3
407,2,6070,3
408,2,7206,3
409,2,7385,3
410,2,2263,3
411,2,4432,3
412,2,6280,3
413,2,2148,3
414,2,4780,3
415,2,6629,3
416,2,9047,3
417,2,4662,3
418,2,4767,3
593,2,117,2
594,2,187,2
595,2,344,2
596,2,482,2
597,2,1811,2
598,2,3382,2
599,2,3665,2
600,2,4258,2
601,2,4595,2
602,2,4977,2
603,2,6273,2
604,2,7750,2
605,2,251,2
606,2,426,2
607,2,1238,2
608,2,1291,2
609,2,1355,2
610,2,1971,2
611,2,2276,2
612,2,2408,2
613,2,3991,2
614,2,4031,2
785,2,112,1
786,2,591,1
787,2,926,1
788,2,976,1
789,2,1495,1
790,2,1511,1
791,2,2139,1
792,2,2631,1
793,2,2849,1
794,2,3049,1
795,2,3497,1
796,2,3737,1
797,2,4065,1
798,2,4403,1
799,2,4784,1
800,2,4868,1
801,2,5024,1
802,2,6192,1
803,2,6949,1
804,2,7752,1
805,2,7857,1
806,2,9139,1
0,3,9281,5
1,3,7581,5
2,3,2767,5
3,3,2565,5
4,3,9352,5
5,3,1690,5
6,3,7879,5
7,3,6005,5
8,3,7496,5
9,3,1367,5
10,3,7163,5
11,3,7706,5
12,3,2762,5
13,3,5900,5
14,3,2651,5
15,3,2961,5
16,3,1977,5
17,3,4919,5
18,3,7383,5
19,3,8146,5
20,3,8288,5
21,3,675,5
194,3,1387,4
195,3,2588,4
196,3,3002,4
197,3,3471,4
198,3,4422,4
199,3,8155,4
200,3,8562,4
201,3,30,4
202,3,1659,4
203,3,5933,4
204,3,8995,4
205,3,20,4
206,3,1140,4
207,3,1499,4
208,3,2690,4
209,3,3605,4
210,3,9915,4
211,3,2777,4
212,3,6553,4
213,3,7425,4
214,3,8157,4
215,3,8564,4
394,3,1326,3
395,3,1851,3
396,3,2641,3
397,3,5095,3
398,3,7064,3
399,3,8010,3
400,3,9756,3
401,3,9837,3
402,3,9887,3
403,3,5406,3
404,3,7075,3
405,3,8793,3
406,3,9934,3
407,3,10076,3
408,3,3786,3
409,3,4239,3
410,3,6595,3
411,3,9094,3
412,3,3932,3
413,3,4079,3
414,3,5754,3
415,3,5880,3
573,3,749,2
574,3,858,2
575,3,1528,2
576,3,2810,2
577,3,3069,2
578,3,3255,2
579,3,3639,2
580,3,3756,2
581,3,3771,2
582,3,3812,2
583,3,3868,2
584,3,4414,2
585,3,4446,2
586,3,4570,2
587,3,4864,2
588,3,5052,2
589,3,5231,2
590,3,5370,2
591,3,5631,2
592,3,5748,2
593,3,5964,2
594,3,6168,2
768,3,810,1
769,3,920,1
770,3,1136,1
771,3,1658,1
772,3,1770,1
773,3,1809,1
774,3,2208,1
775,3,2222,1
776,3,2310,1
777,3,2492,1
778,3,2843,1
779,3,2920,1
780,3,3171,1
781,3,3353,1
782,3,3622,1
783,3,3672,1
784,3,3675,1
785,3,4100,1
786,3,4166,1
787,3,4491,1
788,3,4697,1
789,3,5102,1
0,4,758,5
1,4,3277,5
2,4,1883,5
3,4,1356,5
4,4,1316,5
5,4,1,5
6,4,1071,5
7,4,113,5
8,4,5029,5
9,4,776,5
10,4,900,5
11,4,944,5
12,4,3731,5
13,4,10133,5
14,4,131,5
15,4,2684,5
16,4,4595,5
17,4,5888,5
18,4,4955,5
19,4,10041,5
20,4,5425,5
21,4,953,5
200,4,7605,4
201,4,6000,4
202,4,6213,4
203,4,8991,4
204,4,33,4
205,4,8163,4
206,4,9300,4
207,4,2055,4
208,4,1836,4
209,4,2804,4
210,4,7917,4
211,4,7398,4
212,4,7758,4
213,4,1852,4
214,4,2248,4
215,4,8518,4
216,4,936,4
217,4,5495,4
218,4,7802,4
219,4,10081,4
220,4,5295,4
221,4,10149,4
400,4,506,3
401,4,1235,3
402,4,8203,3
403,4,3604,3
404,4,4385,3
405,4,7652,3
406,4,6740,3
407,4,8944,3
408,4,1509,3
409,4,1420,3
410,4,2703,3
411,4,7231,3
412,4,9494,3
413,4,8671,3
414,4,8724,3
415,4,2674,3
416,4,7541,3
417,4,9483,3
418,4,10261,3
419,4,528,3
420,4,3669,3
421,4,5461,3
599,4,3134,2
600,4,10014,2
601,4,3999,2
602,4,4852,2
603,4,7017,2
604,4,1103,2
605,4,7415,2
606,4,9290,2
607,4,7880,2
608,4,1029,2
609,4,1767,2
610,4,2280,2
611,4,2364,2
612,4,5021,2
613,4,5426,2
614,4,6992,2
615,4,7420,2
616,4,10012,2
617,4,5752,2
618,4,4916,2
619,4,4254,2
620,4,2850,2
799,4,2250,1
800,4,9055,1
801,4,7571,1
802,4,3809,1
803,4,8840,1
804,4,9127,1
805,4,9273,1
806,4,2625,1
807,4,6653,1
808,4,8101,1
809,4,9225,1
810,4,9097,1
811,4,4811,1
812,4,8931,1
813,4,3524,1
814,4,6804,1
815,4,10176,1
816,4,5588,1
817,4,8074,1
818,4,8145,1
819,4,8904,1
820,4,21,1
0,5,1800,5
1,5,2902,5
2,5,1020,5
3,5,6128,5
4,5,4166,5
5,5,10077,5
6,5,8796,5
7,5,3196,5
8,5,5400,5
9,5,3244,5
10,5,4833,5
11,5,7681,5
12,5,4020,5
13,5,3514,5
14,5,4512,5
15,5,5841,5
16,5,9101,5
17,5,4690,5
18,5,4115,5
19,5,3661,5
20,5,7545,5
21,5,10056,5
195,5,1905,4
196,5,2453,4
197,5,3961,4
198,5,8189,4
199,5,8281,4
200,5,8435,4
201,5,9412,4
202,5,7774,4
203,5,8803,4
204,5,6549,4
205,5,7696,4
206,5,7824,4
207,5,8972,4
208,5,3891,4
209,5,1645,4
210,5,9072,4
211,5,9334,4
212,5,3845,4
213,5,5951,4
214,5,7814,4
215,5,1730,4
216,5,4209,4
399,5,1408,3
400,5,2922,3
401,5,3623,3
402,5,5548,3
403,5,6890,3
404,5,7055,3
405,5,8503,3
406,5,7031,3
407,5,9568,3
408,5,2844,3
409,5,3206,3
410,5,3512,3
411,5,1574,3
412,5,1843,3
413,5,2514,3
414,5,4177,3
415,5,6909,3
416,5,7656,3
417,5,5920,3
418,5,6230,3
419,5,1710,3
420,5,1737,3
600,5,1131,2
601,5,5579,2
602,5,2549,2
603,5,190,2
604,5,2009,2
605,5,2966,2
606,5,5915,2
607,5,6052,2
608,5,7767,2
609,5,5853,2
610,5,2595,2
611,5,2901,2
612,5,891,2
613,5,3893,2
614,5,4948,2
615,5,8157,2
616,5,8564,2
617,5,9811,2
618,5,9818,2
619,5,3850,2
620,5,7595,2
621,5,1624,2
798,5,3080,1
799,5,7253,1
800,5,7748,1
801,5,8105,1
802,5,8414,1
803,5,8634,1
804,5,6886,1
805,5,3950,1
806,5,1164,1
807,5,2272,1
808,5,4660,1
809,5,5582,1
810,5,5862,1
811,5,6046,1
812,5,6269,1
813,5,6293,1
814,5,6440,1
815,5,6849,1
816,5,7713,1
817,5,7977,1
818,5,8297,1
819,5,8990,1
0,6,1022,5
1,6,9684,5
2,6,3364,5
3,6,5213,5
4,6,202,5
5,6,4111,5
6,6,9464,5
7,6,2746,5
8,6,9213,5
9,6,3935,5
10,6,9476,5
11,6,7582,5
12,6,3844,5
13,6,6383,5
14,6,10134,5
15,6,9066,5
16,6,1935,5
17,6,265,5
18,6,2905,5
19,6,3687,5
20,6,7013,5
21,6,4160,5
200,6,8038,4
201,6,6259,4
202,6,2048,4
203,6,399,4
204,6,929,4
205,6,4109,4
206,6,5327,4
207,6,5741,4
208,6,3322,4
209,6,5036,4
210,6,5497,4
211,6,9239,4
212,6,3401,4
213,6,4018,4
214,6,8224,4
215,6,8335,4
216,6,3450,4
217,6,3896,4
218,6,7600,4
219,6,8103,4
220,6,718,4
221,6,2483,4
398,6,6483,3
399,6,6518,3
400,6,9556,3
401,6,2671,3
402,6,3122,3
403,6,4550,3
404,6,6469,3
405,6,8085,3
406,6,8090,3
407,6,8226,3
408,6,8337,3
409,6,9444,3
410,6,9479,3
411,6,9542,3
412,6,3258,3
413,6,4589,3
414,6,5057,3
415,6,7992,3
416,6,9414,3
417,6,5718,3
418,6,1858,3
419,6,3900,3
600,6,469,2
601,6,4184,2
602,6,7460,2
603,6,3000,2
604,6,6220,2
605,6,5262,2
606,6,9211,2
607,6,2384,2
608,6,7847,2
609,6,3211,2
610,6,9286,2
611,6,9470,2
612,6,5972,2
613,6,8996,2
614,6,9046,2
615,6,4728,2
616,6,2673,2
617,6,6206,2
618,6,9303,2
619,6,9789,2
620,6,464,2
621,6,1640,2
783,6,1170,1
784,6,1924,1
785,6,2827,1
786,6,2895,1
787,6,2909,1
788,6,3241,1
789,6,3758,1
790,6,4965,1
791,6,5323,1
792,6,5615,1
793,6,6572,1
794,6,7201,1
795,6,7372,1
796,6,7393,1
797,6,7604,1
798,6,8018,1
799,6,8075,1
800,6,8808,1
801,6,9087,1
802,6,9367,1
803,6,2088,1
804,6,2430,1
0,7,1024,5
1,7,8573,5
2,7,71,5
3,7,1565,5
4,7,8846,5
5,7,7020,5
6,7,2743,5
7,7,1560,5
8,7,3650,5
9,7,7741,5
10,7,6624,5
11,7,5168,5
12,7,300,5
13,7,7003,5
14,7,2384,5
15,7,4554,5
16,7,1823,5
17,7,9455,5
18,7,53,5
19,7,5445,5
20,7,9438,5
21,7,9936,5
200,7,1597,4
201,7,3174,4
202,7,4617,4
203,7,7555,4
204,7,262,4
205,7,5733,4
206,7,5795,4
207,7,5390,4
208,7,6896,4
209,7,9067,4
210,7,9789,4
211,7,173,4
212,7,536,4
213,7,3412,4
214,7,4632,4
215,7,4721,4
216,7,4829,4
217,7,6565,4
218,7,8939,4
219,7,9911,4
220,7,3600,4
221,7,1316,4
397,7,1056,3
398,7,1894,3
399,7,3748,3
400,7,7313,3
401,7,7413,3
402,7,9477,3
403,7,9893,3
404,7,587,3
405,7,2688,3
406,7,5571,3
407,7,844,3
408,7,4284,3
409,7,4181,3
410,7,3332,3
411,7,4130,3
412,7,7345,3
413,7,10226,3
414,7,308,3
415,7,2042,3
416,7,2195,3
417,7,3064,3
418,7,4136,3
600,7,4156,2
601,7,4453,2
602,7,4890,2
603,7,6034,2
604,7,6110,2
605,7,7087,2
606,7,7368,2
607,7,9062,2
608,7,9096,2
609,7,10146,2
610,7,10254,2
611,7,2389,2
612,7,5015,2
613,7,1962,2
614,7,2318,2
615,7,3317,2
616,7,9312,2
617,7,507,2
618,7,1533,2
619,7,5247,2
620,7,207,2
621,7,1141,2
799,7,413,1
800,7,1861,1
801,7,2507,1
802,7,3995,1
803,7,4549,1
804,7,4999,1
805,7,5784,1
806,7,6883,1
807,7,7073,1
808,7,7449,1
809,7,8611,1
810,7,9275,1
811,7,10038,1
812,7,1182,1
813,7,2985,1
814,7,7454,1
815,7,271,1
816,7,6428,1
817,7,6539,1
818,7,6685,1
819,7,6921,1
820,7,6950,1
0,8,1025,5
1,8,1402,5
2,8,865,5
3,8,9411,5
4,8,2571,5
5,8,5037,5
6,8,728,5
7,8,1295,5
8,8,4865,5
9,8,587,5
10,8,585,5
11,8,722,5
12,8,6615,5
13,8,4323,5
14,8,3038,5
15,8,258,5
16,8,3950,5
17,8,4671,5
18,8,2211,5
19,8,5609,5
20,8,7078,5
21,8,7156,5
200,8,9638,4
201,8,1342,4
202,8,9231,4
203,8,9568,4
204,8,240,4
205,8,5834,4
206,8,8712,4
207,8,34,4
208,8,1639,4
209,8,5803,4
210,8,6527,4
211,8,7795,4
212,8,838,4
213,8,2205,4
214,8,4444,4
215,8,7507,4
216,8,5012,4
217,8,5060,4
218,8,5442,4
219,8,1037,4
220,8,5699,4
221,8,8032,4
400,8,284,3
401,8,1287,3
402,8,2096,3
403,8,3983,3
404,8,6289,3
405,8,6129,3
406,8,1753,3
407,8,3151,3
408,8,3212,3
409,8,3946,3
410,8,4111,3
411,8,5106,3
412,8,6390,3
413,8,6821,3
414,8,10032,3
415,8,10066,3
416,8,3045,3
417,8,7591,3
418,8,10041,3
419,8,1230,3
420,8,2829,3
421,8,9301,3
600,8,195,2
601,8,533,2
602,8,929,2
603,8,1344,2
604,8,1911,2
605,8,2897,2
606,8,3728,2
607,8,4465,2
608,8,4560,2
609,8,6647,2
610,8,7448,2
611,8,7483,2
612,8,7618,2
613,8,7768,2
614,8,8560,2
615,8,10097,2
616,8,10234,2
617,8,7110,2
618,8,191,2
619,8,206,2
620,8,944,2
621,8,1612,2
796,8,432,1
797,8,2178,1
798,8,3561,1
799,8,3782,1
800,8,4422,1
801,8,8308,1
802,8,8605,1
803,8,9227,1
804,8,3898,1
805,8,4708,1
806,8,6829,1
807,8,10075,1
808,8,282,1
809,8,10134,1
810,8,95,1
811,8,1563,1
812,8,1798,1
813,8,1875,1
814,8,6149,1
815,8,8880,1
816,8,103,1
817,8,1823,1
0,9,1035,5
1,9,1999,5
2,9,3444,5
3,9,5142,5
4,9,8909,5
5,9,3704,5
6,9,3643,5
7,9,1666,5
8,9,5875,5
9,9,2529,5
10,9,4646,5
11,9,5320,5
12,9,8066,5
13,9,7827,5
14,9,4245,5
15,9,3927,5
16,9,3745,5
17,9,4433,5
18,9,5548,5
19,9,819,5
20,9,272,5
21,9,9014,5
199,9,9303,4
200,9,9789,4
201,9,464,4
202,9,1640,4
203,9,6123,4
204,9,8838,4
205,9,6237,4
206,9,7202,4
207,9,7379,4
208,9,9364,4
209,9,8913,4
210,9,9752,4
211,9,2606,4
212,9,6018,4
213,9,7109,4
214,9,7152,4
215,9,9319,4
216,9,6760,4
217,9,7550,4
218,9,9002,4
219,9,6155,4
220,9,9750,4
400,9,7230,3
401,9,5727,3
402,9,6845,3
403,9,6902,3
404,9,7509,3
405,9,7615,3
406,9,9509,3
407,9,1282,3
408,9,2325,3
409,9,2871,3
410,9,2929,3
411,9,3614,3
412,9,5434,3
413,9,5831,3
414,9,7757,3
415,9,7981,3
416,9,8830,3
417,9,9137,3
418,9,9931,3
419,9,749,3
420,9,858,3
421,9,1528,3
596,9,650,2
597,9,762,2
598,9,1183,2
599,9,1868,2
600,9,2926,2
601,9,3453,2
602,9,4148,2
603,9,4181,2
604,9,4195,2
605,9,5633,2
606,9,5941,2
607,9,6103,2
608,9,6697,2
609,9,6958,2
610,9,7891,2
611,9,8161,2
612,9,8258,2
613,9,8458,2
614,9,8568,2
615,9,8671,2
616,9,8701,2
617,9,8724,2
752,9,1119,1
753,9,1164,1
754,9,1309,1
755,9,1487,1
756,9,1741,1
757,9,1969,1
758,9,1992,1
759,9,2159,1
760,9,2272,1
761,9,2331,1
762,9,2478,1
763,9,2670,1
764,9,3113,1
765,9,3117,1
766,9,3143,1
767,9,3406,1
768,9,3692,1
769,9,3954,1
770,9,4027,1
771,9,4247,1
772,9,4448,1
773,9,4512,1
0,10,9808,5
1,10,1545,5
2,10,9847,5
3,10,6585,5
4,10,6683,5
5,10,2207,5
6,10,6320,5
7,10,7432,5
8,10,5855,5
9,10,6639,5
10,10,6885,5
11,10,7294,5
12,10,10261,5
13,10,3168,5
14,10,6027,5
15,10,2841,5
16,10,3496,5
17,10,8819,5
18,10,3972,5
19,10,1757,5
20,10,7580,5
21,10,3287,5
196,10,2197,4
197,10,5264,4
198,10,6926,4
199,10,7084,4
200,10,8249,4
201,10,8753,4
202,10,9640,4
203,10,1383,4
204,10,1574,4
205,10,4265,4
206,10,8390,4
207,10,8453,4
208,10,1983,4
209,10,319,4
210,10,4091,4
211,10,5659,4
212,10,6924,4
213,10,6999,4
214,10,8696,4
215,10,9941,4
216,10,9951,4
217,10,1449,4
398,10,2129,3
399,10,2388,3
400,10,4588,3
401,10,7521,3
402,10,2843,3
403,10,6793,3
404,10,2151,3
405,10,4453,3
406,10,6665,3
407,10,10136,3
408,10,3871,3
409,10,906,3
410,10,1687,3
411,10,2600,3
412,10,3754,3
413,10,5160,3
414,10,5807,3
415,10,7026,3
416,10,4448,3
417,10,7104,3
418,10,6087,3
419,10,6481,3
600,10,4102,2
601,10,4374,2
602,10,1550,2
603,10,2899,2
604,10,3469,2
605,10,3736,2
606,10,6573,2
607,10,7828,2
608,10,9076,2
609,10,9362,2
610,10,1182,2
611,10,1368,2
612,10,2042,2
613,10,3064,2
614,10,3628,2
615,10,4081,2
616,10,4349,2
617,10,5796,2
618,10,7652,2
619,10,9482,2
620,10,2492,2
621,10,2920,2
790,10,165,1
791,10,535,1
792,10,800,1
793,10,884,1
794,10,1988,1
795,10,3523,1
796,10,3927,1
797,10,4445,1
798,10,4598,1
799,10,5213,1
800,10,5648,1
801,10,6300,1
802,10,6709,1
803,10,8364,1
804,10,8419,1
805,10,8639,1
806,10,1159,1
807,10,1912,1
808,10,6760,1
809,10,4541,1
810,10,881,1
811,10,1369,1
0,11,2972,5
1,11,692,5
2,11,5772,5
3,11,10041,5
4,11,5654,5
5,11,5668,5
6,11,2733,5
7,11,10292,5
8,11,522,5
9,11,5999,5
10,11,5879,5
11,11,8143,5
12,11,946,5
13,11,1227,5
14,11,3497,5
15,11,781,5
16,11,1307,5
17,11,2148,5
18,11,7419,5
19,11,4904,5
20,11,1508,5
21,11,4710,5
200,11,1628,4
201,11,2656,4
202,11,4245,4
203,11,5289,4
204,11,10013,4
205,11,10023,4
206,11,5697,4
207,11,650,4
208,11,6468,4
209,11,7171,4
210,11,9026,4
211,11,2487,4
212,11,2263,4
213,11,6280,4
214,11,535,4
215,11,3738,4
216,11,1901,4
217,11,9047,4
218,11,800,4
219,11,9811,4
220,11,9818,4
221,11,154,4
398,11,297,3
399,11,2907,3
400,11,4618,3
401,11,1115,3
402,11,8060,3
403,11,276,3
404,11,411,3
405,11,746,3
406,11,2065,3
407,11,9826,3
408,11,2760,3
409,11,1874,3
410,11,2428,3
411,11,5225,3
412,11,739,3
413,11,724,3
414,11,9419,3
415,11,7710,3
416,11,9750,3
417,11,5328,3
418,11,7330,3
419,11,4024,3
600,11,4175,2
601,11,2402,2
602,11,2636,2
603,11,3958,2
604,11,5717,2
605,11,6169,2
606,11,6811,2
607,11,8215,2
608,11,8549,2
609,11,8775,2
610,11,9479,2
611,11,859,2
612,11,3589,2
613,11,6664,2
614,11,7919,2
615,11,34,2
616,11,5529,2
617,11,1207,2
618,11,2812,2
619,11,6186,2
620,11,884,2
621,11,1057,2
798,11,412,1
799,11,4453,1
800,11,5041,1
801,11,7597,1
802,11,8224,1
803,11,8335,1
804,11,9725,1
805,11,9738,1
806,11,191,1
807,11,879,1
808,11,944,1
809,11,1612,1
810,11,3104,1
811,11,3556,1
812,11,8890,1
813,11,152,1
814,11,351,1
815,11,2503,1
816,11,3133,1
817,11,4498,1
818,11,4522,1
819,11,6136,1
0,12,1311,5
1,12,4765,5
2,12,7858,5
3,12,6898,5
4,12,1984,5
5,12,5054,5
6,12,5767,5
7,12,9367,5
8,12,5122,5
9,12,2842,5
10,12,2384,5
11,12,5550,5
12,12,8343,5
13,12,2197,5
14,12,761,5
15,12,1224,5
16,12,7741,5
17,12,2794,5
18,12,1264,5
19,12,5880,5
20,12,3929,5
21,12,464,5
200,12,3412,4
201,12,8087,4
202,12,4263,4
203,12,588,4
204,12,1740,4
205,12,7818,4
206,12,4554,4
207,12,1059,4
208,12,1846,4
209,12,3385,4
210,12,6320,4
211,12,7020,4
212,12,4328,4
213,12,422,4
214,12,1823,4
215,12,2564,4
216,12,3087,4
217,12,3154,4
218,12,4754,4
219,12,9455,4
220,12,210,4
221,12,1398,4
400,12,3936,3
401,12,3205,3
402,12,10327,3
403,12,4326,3
404,12,6250,3
405,12,5518,3
406,12,1348,3
407,12,4675,3
408,12,7069,3
409,12,946,3
410,12,2308,3
411,12,3712,3
412,12,5219,3
413,12,7778,3
414,12,5214,3
415,12,8052,3
416,12,10321,3
417,12,1107,3
418,12,2700,3
419,12,7516,3
420,12,2476,3
421,12,3586,3
599,12,1655,2
600,12,3179,2
601,12,8680,2
602,12,8688,2
603,12,251,2
604,12,1238,2
605,12,2256,2
606,12,2276,2
607,12,3729,2
608,12,4415,2
609,12,6004,2
610,12,9073,2
611,12,794,2
612,12,5460,2
613,12,7924,2
614,12,8235,2
615,12,8502,2
616,12,8104,2
617,12,1514,2
618,12,6405,2
619,12,4020,2
620,12,7841,2
797,12,1079,1
798,12,1411,1
799,12,2022,1
800,12,4381,1
801,12,5809,1
802,12,6144,1
803,12,8253,1
804,12,8291,1
805,12,1386,1
806,12,2201,1
807,12,4642,1
808,12,4690,1
809,12,6600,1
810,12,6821,1
811,12,2187,1
812,12,2803,1
813,12,3925,1
814,12,639,1
815,12,1803,1
816,12,9580,1
817,12,1232,1
818,12,4992,1
0,13,466,5
1,13,10047,5
2,13,4000,5
3,13,7211,5
4,13,5449,5
5,13,2637,5
6,13,5505,5
7,13,9273,5
8,13,6982,5
9,13,8861,5
10,13,6067,5
11,13,8782,5
12,13,9022,5
13,13,330,5
14,13,6180,5
15,13,6973,5
16,13,9462,5
17,13,4968,5
18,13,5184,5
19,13,6079,5
20,13,4714,5
21,13,1295,5
198,13,15,4
199,13,2444,4
200,13,3355,4
201,13,4067,4
202,13,493,4
203,13,1206,4
204,13,4494,4
205,13,7347,4
206,13,7782,4
207,13,9031,4
208,13,9863,4
209,13,9875,4
210,13,10081,4
211,13,1251,4
212,13,5693,4
213,13,788,4
214,13,973,4
215,13,2253,4
216,13,4257,4
217,13,5256,4
218,13,9393,4
219,13,9701,4
400,13,2787,3
401,13,4555,3
402,13,5211,3
403,13,6299,3
404,13,7840,3
405,13,10095,3
406,13,10232,3
407,13,5657,3
408,13,1005,3
409,13,1722,3
410,13,2048,3
411,13,2852,3
412,13,6020,3
413,13,6780,3
414,13,7957,3
415,13,8832,3
416,13,8995,3
417,13,1421,3
418,13,1438,3
419,13,1965,3
420,13,3739,3
421,13,4775,3
599,13,477,2
600,13,797,2
601,13,1534,2
602,13,1749,2
603,13,2028,2
604,13,2265,2
605,13,2381,2
606,13,2974,2
607,13,3284,2
608,13,3418,2
609,13,4083,2
610,13,5414,2
611,13,5914,2
612,13,6898,2
613,13,7834,2
614,13,8104,2
615,13,8906,2
616,13,8988,2
617,13,9150,2
618,13,9316,2
619,13,9489,2
620,13,10059,2
786,13,300,1
787,13,2263,1
788,13,2561,1
789,13,3045,1
790,13,3115,1
791,13,3267,1
792,13,3430,1
793,13,4102,1
794,13,4374,1
795,13,4432,1
796,13,5170,1
797,13,5943,1
798,13,5970,1
799,13,6009,1
800,13,6074,1
801,13,6107,1
802,13,6275,1
803,13,6280,1
804,13,6453,1
805,13,6504,1
806,13,6842,1
807,13,7162,1
0,14,2540,5
1,14,5338,5
2,14,1320,5
3,14,9933,5
4,14,9966,5
5,14,6941,5
6,14,6048,5
7,14,7141,5
8,14,8018,5
9,14,2223,5
10,14,6459,5
11,14,7303,5
12,14,1227,5
13,14,5119,5
14,14,7292,5
15,14,5203,5
16,14,1989,5
17,14,4716,5
18,14,9447,5
19,14,2900,5
20,14,3223,5
21,14,6013,5
186,14,5446,4
187,14,8448,4
188,14,8491,4
189,14,8936,4
190,14,9162,4
191,14,4431,4
192,14,7482,4
193,14,4715,4
194,14,5785,4
195,14,5552,4
196,14,151,4
197,14,951,4
198,14,1265,4
199,14,1527,4
200,14,1586,4
201,14,1715,4
202,14,1808,4
203,14,4735,4
204,14,5010,4
205,14,5450,4
206,14,6109,4
207,14,6822,4
374,14,4247,3
375,14,8020,3
376,14,4320,3
377,14,4926,3
378,14,9169,3
379,14,10111,3
380,14,10313,3
381,14,168,3
382,14,390,3
383,14,540,3
384,14,2191,3
385,14,2280,3
386,14,2487,3
387,14,2679,3
388,14,2793,3
389,14,2817,3
390,14,3366,3
391,14,3899,3
392,14,3974,3
393,14,4547,3
394,14,4779,3
395,14,5226,3
556,14,1448,2
557,14,2816,2
558,14,3153,2
559,14,5259,2
560,14,6714,2
561,14,9186,2
562,14,9750,2
563,14,9474,2
564,14,640,2
565,14,2479,2
566,14,4179,2
567,14,6076,2
568,14,6563,2
569,14,7090,2
570,14,10005,2
571,14,452,2
572,14,3175,2
573,14,5487,2
574,14,5933,2
575,14,7036,2
576,14,8286,2
577,14,9226,2
738,14,735,1
739,14,1369,1
740,14,2169,1
741,14,2611,1
742,14,3957,1
743,14,4237,1
744,14,4463,1
745,14,5071,1
746,14,5160,1
747,14,5340,1
748,14,5555,1
749,14,6303,1
750,14,6764,1
751,14,7880,1
752,14,8876,1
753,14,9376,1
754,14,1871,1
755,14,2442,1
756,14,7983,1
757,14,9533,1
758,14,262,1
759,14,4582,1
0,15,6821,5
1,15,1322,5
2,15,2596,5
3,15,3568,5
4,15,7100,5
5,15,3341,5
6,15,9757,5
7,15,9778,5
8,15,7037,5
9,15,4542,5
10,15,6658,5
11,15,6599,5
12,15,5805,5
13,15,3782,5
14,15,2045,5
15,15,10038,5
16,15,2856,5
17,15,9242,5
18,15,9407,5
19,15,8262,5
20,15,8462,5
21,15,4586,5
199,15,528,4
200,15,1175,4
201,15,3663,4
202,15,4882,4
203,15,7574,4
204,15,7827,4
205,15,8192,4
206,15,8284,4
207,15,9090,4
208,15,1387,4
209,15,4589,4
210,15,5253,4
211,15,6574,4
212,15,8060,4
213,15,438,4
214,15,987,4
215,15,3738,4
216,15,7017,4
217,15,7993,4
218,15,1610,4
219,15,1996,4
220,15,5827,4
394,15,214,3
395,15,229,3
396,15,942,3
397,15,3152,3
398,15,5189,3
399,15,5473,3
400,15,6360,3
401,15,7890,3
402,15,9122,3
403,15,556,3
404,15,7734,3
405,15,2648,3
406,15,5511,3
407,15,796,3
408,15,5923,3
409,15,6282,3
410,15,6668,3
411,15,8531,3
412,15,9730,3
413,15,105,3
414,15,736,3
415,15,6229,3
591,15,911,2
592,15,1179,2
593,15,1832,2
594,15,2195,2
595,15,3604,2
596,15,6320,2
597,15,7612,2
598,15,8241,2
599,15,8910,2
600,15,9111,2
601,15,887,2
602,15,1301,2
603,15,2152,2
604,15,3338,2
605,15,3591,2
606,15,4208,2
607,15,4635,2
608,15,5038,2
609,15,6208,2
610,15,6644,2
611,15,6982,2
612,15,517,2
798,15,312,1
799,15,451,1
800,15,871,1
801,15,984,1
802,15,1355,1
803,15,1493,1
804,15,1987,1
805,15,2177,1
806,15,2252,1
807,15,2462,1
808,15,2612,1
809,15,2701,1
810,15,3075,1
811,15,4178,1
812,15,5428,1
813,15,5850,1
814,15,6690,1
815,15,9044,1
816,15,5295,1
817,15,275,1
818,15,303,1
819,15,344,1
0,16,1539,5
1,16,4596,5
2,16,48,5
3,16,7985,5
4,16,3872,5
5,16,7520,5
6,16,4422,5
7,16,19,5
8,16,8242,5
9,16,391,5
10,16,9585,5
11,16,9601,5
12,16,2767,5
13,16,10318,5
14,16,239,5
15,16,3149,5
16,16,5967,5
17,16,7263,5
18,16,8985,5
19,16,5623,5
20,16,2454,5
21,16,5242,5
200,16,848,4
201,16,10277,4
202,16,10287,4
203,16,4355,4
204,16,9132,4
205,16,9739,4
206,16,1260,4
207,16,4606,4
208,16,9367,4
209,16,1498,4
210,16,6177,4
211,16,8672,4
212,16,8725,4
213,16,1170,4
214,16,4646,4
215,16,6348,4
216,16,6470,4
217,16,8975,4
218,16,9255,4
219,16,10139,4
220,16,4284,4
221,16,9027,4
394,16,1710,3
395,16,3461,3
396,16,5407,3
397,16,5690,3
398,16,5710,3
399,16,6113,3
400,16,6508,3
401,16,10323,3
402,16,687,3
403,16,2518,3
404,16,2559,3
405,16,3343,3
406,16,3562,3
407,16,4234,3
408,16,7200,3
409,16,10020,3
410,16,10100,3
411,16,1071,3
412,16,1329,3
413,16,3412,3
414,16,7007,3
415,16,4676,3
599,16,1859,2
600,16,1956,2
601,16,5855,2
602,16,6124,2
603,16,9093,2
604,16,9592,2
605,16,9636,2
606,16,7802,2
607,16,7771,2
608,16,9455,2
609,16,2551,2
610,16,7432,2
611,16,9884,2
612,16,4052,2
613,16,5291,2
614,16,5374,2
615,16,5824,2
616,16,5896,2
617,16,6808,2
618,16,6878,2
619,16,1441,2
620,16,3174,2
796,16,3258,1
797,16,3782,1
798,16,3951,1
799,16,4397,1
800,16,4589,1
801,16,4640,1
802,16,5162,1
803,16,5984,1
804,16,6135,1
805,16,9414,1
806,16,10057,1
807,16,709,1
808,16,1278,1
809,16,1555,1
810,16,4130,1
811,16,6037,1
812,16,7928,1
813,16,8122,1
814,16,8133,1
815,16,8673,1
816,16,8726,1
817,16,8836,1
0,17,4100,5
1,17,6567,5
2,17,9546,5
3,17,2510,5
4,17,7866,5
5,17,5128,5
6,17,2769,5
7,17,6178,5
8,17,4078,5
9,17,5014,5
10,17,1557,5
11,17,2938,5
12,17,9198,5
13,17,5109,5
14,17,5183,5
15,17,9510,5
16,17,2974,5
17,17,9477,5
18,17,3898,5
19,17,9454,5
20,17,3600,5
21,17,308,5
196,17,2597,4
197,17,2759,4
198,17,4114,4
199,17,4731,4
200,17,7211,4
201,17,7930,4
202,17,8111,4
203,17,9070,4
204,17,9631,4
205,17,1909,4
206,17,2811,4
207,17,5307,4
208,17,6378,4
209,17,7570,4
210,17,7488,4
211,17,7613,4
212,17,2895,4
213,17,7372,4
214,17,2204,4
215,17,3556,4
216,17,4920,4
217,17,5988,4
398,17,2824,3
399,17,4241,3
400,17,7927,3
401,17,8499,3
402,17,473,3
403,17,2979,3
404,17,1829,3
405,17,6705,3
406,17,7575,3
407,17,527,3
408,17,2840,3
409,17,2928,3
410,17,3925,3
411,17,4457,3
412,17,7388,3
413,17,7,3
414,17,137,3
415,17,6629,3
416,17,859,3
417,17,1037,3
418,17,3185,3
419,17,3896,3
598,17,730,2
599,17,1003,2
600,17,1932,2
601,17,9571,2
602,17,4156,2
603,17,4453,2
604,17,4890,2
605,17,7087,2
606,17,7368,2
607,17,9096,2
608,17,10146,2
609,17,10254,2
610,17,2389,2
611,17,5015,2
612,17,2318,2
613,17,9312,2
614,17,4899,2
615,17,50,2
616,17,2512,2
617,17,3298,2
618,17,4873,2
619,17,6761,2
798,17,112,1
799,17,843,1
800,17,1828,1
801,17,2653,1
802,17,2781,1
803,17,3709,1
804,17,4194,1
805,17,5451,1
806,17,5469,1
807,17,5921,1
808,17,7268,1
809,17,7302,1
810,17,8972,1
811,17,10135,1
812,17,276,1
813,17,1728,1
814,17,3316,1
815,17,8529,1
816,17,3454,1
817,17,4336,1
818,17,4466,1
819,17,9400,1
0,18,1546,5
1,18,7028,5
2,18,4220,5
3,18,6547,5
4,18,6642,5
5,18,7861,5
6,18,8243,5
7,18,8847,5
8,18,4353,5
9,18,6099,5
10,18,3239,5
11,18,86,5
12,18,8231,5
13,18,9838,5
14,18,338,5
15,18,9104,5
16,18,1700,5
17,18,2660,5
18,18,3509,5
19,18,5378,5
20,18,7070,5
21,18,9948,5
183,18,1233,4
184,18,1305,4
185,18,1411,4
186,18,1461,4
187,18,1903,4
188,18,2382,4
189,18,2727,4
190,18,4800,4
191,18,4828,4
192,18,4947,4
193,18,7137,4
194,18,7576,4
195,18,7674,4
196,18,8429,4
197,18,8542,4
198,18,9731,4
199,18,9760,4
200,18,9833,4
201,18,9926,4
202,18,9962,4
203,18,10044,4
204,18,4295,4
398,18,1595,3
399,18,3203,3
400,18,8342,3
401,18,9571,3
402,18,2353,3
403,18,6761,3
404,18,6836,3
405,18,7525,3
406,18,2694,3
407,18,5532,3
408,18,4899,3
409,18,984,3
410,18,1844,3
411,18,6498,3
412,18,851,3
413,18,399,3
414,18,929,3
415,18,4715,3
416,18,5785,3
417,18,47,3
418,18,2943,3
419,18,7302,3
595,18,551,2
596,18,1075,2
597,18,1150,2
598,18,1855,2
599,18,2927,2
600,18,3048,2
601,18,3066,2
602,18,3102,2
603,18,3207,2
604,18,3248,2
605,18,3363,2
606,18,3422,2
607,18,4389,2
608,18,4472,2
609,18,4540,2
610,18,4586,2
611,18,5131,2
612,18,5133,2
613,18,5409,2
614,18,6234,2
615,18,7589,2
616,18,7912,2
778,18,757,1
779,18,1415,1
780,18,1560,1
781,18,1818,1
782,18,2043,1
783,18,2205,1
784,18,2262,1
785,18,2354,1
786,18,2362,1
787,18,2515,1
788,18,2582,1
789,18,3626,1
790,18,3809,1
791,18,3910,1
792,18,4444,1
793,18,4743,1
794,18,4776,1
795,18,4833,1
796,18,5049,1
797,18,5479,1
798,18,5568,1
799,18,5752,1
0,19,9586,5
1,19,9603,5
2,19,3372,5
3,19,10109,5
4,19,63,5
5,19,3858,5
6,19,1520,5
7,19,2548,5
8,19,6904,5
9,19,6981,5
10,19,6747,5
11,19,5152,5
12,19,1226,5
13,19,5853,5
14,19,6538,5
15,19,6742,5
16,19,3409,5
17,19,1522,5
18,19,559,5
19,19,9089,5
20,19,8250,5
21,19,8754,5
200,19,874,4
201,19,7750,4
202,19,262,4
203,19,7509,4
204,19,1203,4
205,19,4340,4
206,19,1444,4
207,19,1635,4
208,19,2022,4
209,19,7939,4
210,19,9052,4
211,19,1525,4
212,19,3387,4
213,19,2921,4
214,19,730,4
215,19,954,4
216,19,1932,4
217,19,2002,4
218,19,1626,4
219,19,4306,4
220,19,4352,4
221,19,8560,4
400,19,6583,3
401,19,843,3
402,19,2142,3
403,19,2401,3
404,19,3276,3
405,19,4468,3
406,19,8129,3
407,19,191,3
408,19,900,3
409,19,2040,3
410,19,4909,3
411,19,6963,3
412,19,7642,3
413,19,8890,3
414,19,9251,3
415,19,10094,3
416,19,10231,3
417,19,846,3
418,19,3213,3
419,19,392,3
420,19,1972,3
421,19,8880,3
584,19,165,2
585,19,190,2
586,19,467,2
587,19,884,2
588,19,3523,2
589,19,3574,2
590,19,3712,2
591,19,4701,2
592,19,5772,2
593,19,5868,2
594,19,6127,2
595,19,6797,2
596,19,7032,2
597,19,7778,2
598,19,7859,2
599,19,7956,2
600,19,8516,2
601,19,8763,2
602,19,342,2
603,19,1726,2
604,19,2504,2
605,19,4091,2
786,19,10,1
787,19,1318,1
788,19,1572,1
789,19,2532,1
790,19,2730,1
791,19,3805,1
792,19,4018,1
793,19,4453,1
794,19,4672,1
795,19,5875,1
796,19,7336,1
797,19,7597,1
798,19,8415,1
799,19,8635,1
800,19,8656,1
801,19,8739,1
802,19,8891,1
803,19,8944,1
804,19,9499,1
805,19,9770,1
806,19,3661,1
807,19,4001,1
0,20,1763,5
1,20,5242,5
2,20,2834,5
3,20,1770,5
4,20,4284,5
5,20,8800,5
6,20,8709,5
7,20,1447,5
8,20,2909,5
9,20,7372,5
10,20,712,5
11,20,142,5
12,20,2175,5
13,20,7988,5
14,20,654,5
15,20,1002,5
16,20,264,5
17,20,7415,5
18,20,4739,5
19,20,10207,5
20,20,10220,5
21,20,131,5
200,20,1877,4
201,20,6794,4
202,20,6890,4
203,20,7334,4
204,20,9337,4
205,20,6579,4
206,20,606,4
207,20,3100,4
208,20,8053,4
209,20,1156,4
210,20,2934,4
211,20,4453,4
212,20,4355,4
213,20,9132,4
214,20,9739,4
215,20,7008,4
216,20,7849,4
217,20,7061,4
218,20,5765,4
219,20,2520,4
220,20,1627,4
221,20,4646,4
400,20,5636,3
401,20,5003,3
402,20,2372,3
403,20,13,3
404,20,6625,3
405,20,3133,3
406,20,3374,3
407,20,5805,3
408,20,2611,3
409,20,1269,3
410,20,4983,3
411,20,7166,3
412,20,9705,3
413,20,5331,3
414,20,9341,3
415,20,7322,3
416,20,9299,3
417,20,333,3
418,20,629,3
419,20,2694,3
420,20,3513,3
421,20,9170,3
600,20,1104,2
601,20,1790,2
602,20,7923,2
603,20,1276,2
604,20,9679,2
605,20,5363,2
606,20,6602,2
607,20,10116,2
608,20,10240,2
609,20,2659,2
610,20,2677,2
611,20,7359,2
612,20,7864,2
613,20,9847,2
614,20,7471,2
615,20,9302,2
616,20,6576,2
617,20,115,2
618,20,3769,2
619,20,7139,2
620,20,3900,2
621,20,8984,2
793,20,2370,1
794,20,3533,1
795,20,4720,1
796,20,5243,1
797,20,5265,1
798,20,6215,1
799,20,7951,1
800,20,9304,1
801,20,9846,1
802,20,942,1
803,20,682,1
804,20,4087,1
805,20,1443,1
806,20,3390,1
807,20,3964,1
808,20,4383,1
809,20,6205,1
810,20,6323,1
811,20,6379,1
812,20,6710,1
813,20,6858,1
814,20,8186,1
0,21,5723,5
1,21,3561,5
2,21,2159,5
3,21,5308,5
4,21,10032,5
5,21,10066,5
6,21,5526,5
7,21,7087,5
8,21,5700,5
9,21,3100,5
10,21,676,5
11,21,5002,5
12,21,1468,5
13,21,2522,5
14,21,505,5
15,21,2325,5
16,21,738,5
17,21,3861,5
18,21,8362,5
19,21,8417,5
20,21,8637,5
21,21,4072,5
195,21,1421,4
196,21,1438,4
197,21,1965,4
198,21,3739,4
199,21,4775,4
200,21,4957,4
201,21,5489,4
202,21,5719,4
203,21,7058,4
204,21,7376,4
205,21,7480,4
206,21,7503,4
207,21,7587,4
208,21,8017,4
209,21,8991,4
210,21,9115,4
211,21,551,4
212,21,1075,4
213,21,1150,4
214,21,1855,4
215,21,2927,4
216,21,3048,4
398,21,757,3
399,21,1415,3
400,21,1560,3
401,21,1818,3
402,21,2043,3
403,21,2205,3
404,21,2262,3
405,21,2354,3
406,21,2362,3
407,21,2515,3
408,21,2582,3
409,21,3626,3
410,21,3809,3
411,21,3910,3
412,21,4444,3
413,21,4743,3
414,21,4776,3
415,21,4833,3
416,21,5049,3
417,21,5479,3
418,21,5568,3
419,21,5752,3
593,21,7,2
594,21,137,2
595,21,236,2
596,21,517,2
597,21,1548,2
598,21,1661,2
599,21,1734,2
600,21,2045,2
601,21,2057,2
602,21,2603,2
603,21,2807,2
604,21,2828,2
605,21,3351,2
606,21,3646,2
607,21,4158,2
608,21,4553,2
609,21,4907,2
610,21,5301,2
611,21,5508,2
612,21,5975,2
613,21,6483,2
614,21,6518,2
769,21,957,1
770,21,1295,1
771,21,1632,1
772,21,1776,1
773,21,2055,1
774,21,2201,1
775,21,2349,1
776,21,2643,1
777,21,3131,1
778,21,3200,1
779,21,3239,1
780,21,3348,1
781,21,3793,1
782,21,3977,1
783,21,4107,1
784,21,4144,1
785,21,4173,1
786,21,4227,1
787,21,4288,1
788,21,4634,1
789,21,4642,1
790,21,4690,1
0,22,7797,5
1,22,769,5
2,22,945,5
3,22,3982,5
4,22,3659,5
5,22,7891,5
6,22,10007,5
7,22,10016,5
8,22,10060,5
9,22,1883,5
10,22,217,5
11,22,2924,5
12,22,7320,5
13,22,6039,5
14,22,5317,5
15,22,6067,5
16,22,8408,5
17,22,863,5
18,22,6257,5
19,22,6044,5
20,22,5388,5
21,22,7889,5
182,22,551,4
183,22,1075,4
184,22,1150,4
185,22,1855,4
186,22,2927,4
187,22,3048,4
188,22,3066,4
189,22,3102,4
190,22,3207,4
191,22,3248,4
192,22,3363,4
193,22,3422,4
194,22,4389,4
195,22,4472,4
196,22,4540,4
197,22,4586,4
198,22,5131,4
199,22,5133,4
200,22,5409,4
201,22,6234,4
202,22,7589,4
203,22,7912,4
370,22,757,3
371,22,1415,3
372,22,1560,3
373,22,1818,3
374,22,2043,3
375,22,2205,3
376,22,2262,3
377,22,2354,3
378,22,2362,3
379,22,2515,3
380,22,2582,3
381,22,3626,3
382,22,3809,3
383,22,3910,3
384,22,4444,3
385,22,4743,3
386,22,4776,3
387,22,4833,3
388,22,5049,3
389,22,5479,3
390,22,5568,3
391,22,5752,3
569,22,7,2
570,22,137,2
571,22,236,2
572,22,517,2
573,22,1548,2
574,22,1661,2
575,22,1734,2
576,22,2045,2
577,22,2057,2
578,22,2603,2
579,22,2807,2
580,22,2828,2
581,22,3351,2
582,22,3646,2
583,22,4158,2
584,22,4553,2
585,22,4907,2
586,22,5301,2
587,22,5508,2
588,22,5975,2
589,22,6483,2
590,22,6518,2
745,22,957,1
746,22,1295,1
747,22,1632,1
748,22,1776,1
749,22,2055,1
750,22,2201,1
751,22,2349,1
752,22,2643,1
753,22,3131,1
754,22,3200,1
755,22,3239,1
756,22,3348,1
757,22,3793,1
758,22,3977,1
759,22,4107,1
760,22,4144,1
761,22,4173,1
762,22,4227,1
763,22,4288,1
764,22,4634,1
765,22,4642,1
766,22,4690,1
0,23,5318,5
1,23,8012,5
2,23,6206,5
3,23,3537,5
4,23,7006,5
5,23,9304,5
6,23,7586,5
7,23,6377,5
8,23,5343,5
9,23,7959,5
10,23,9087,5
11,23,3987,5
12,23,7797,5
13,23,2019,5
14,23,8796,5
15,23,910,5
16,23,1313,5
17,23,4530,5
18,23,2012,5
19,23,3908,5
20,23,7758,5
21,23,2749,5
192,23,1005,4
193,23,1722,4
194,23,2048,4
195,23,2852,4
196,23,6020,4
197,23,6780,4
198,23,7957,4
199,23,8832,4
200,23,8995,4
201,23,1421,4
202,23,1438,4
203,23,1965,4
204,23,3739,4
205,23,4775,4
206,23,4957,4
207,23,5489,4
208,23,5719,4
209,23,7058,4
210,23,7376,4
211,23,7480,4
212,23,7503,4
213,23,7587,4
381,23,477,3
382,23,797,3
383,23,1534,3
384,23,1749,3
385,23,2028,3
386,23,2265,3
387,23,2381,3
388,23,2974,3
389,23,3284,3
390,23,3418,3
391,23,4083,3
392,23,5414,3
393,23,5914,3
394,23,6898,3
395,23,7834,3
396,23,8104,3
397,23,8906,3
398,23,8988,3
399,23,9150,3
400,23,9316,3
401,23,9489,3
402,23,10059,3
600,23,21,2
601,23,6017,2
602,23,7,2
603,23,137,2
604,23,236,2
605,23,517,2
606,23,1548,2
607,23,1661,2
608,23,1734,2
609,23,2045,2
610,23,2057,2
611,23,2603,2
612,23,2807,2
613,23,2828,2
614,23,3351,2
615,23,3646,2
616,23,4158,2
617,23,4553,2
618,23,4907,2
619,23,5301,2
620,23,5508,2
621,23,5975,2
777,23,957,1
778,23,1295,1
779,23,1632,1
780,23,1776,1
781,23,2055,1
782,23,2201,1
783,23,2349,1
784,23,2643,1
785,23,3131,1
786,23,3200,1
787,23,3239,1
788,23,3348,1
789,23,3793,1
790,23,3977,1
791,23,4107,1
792,23,4144,1
793,23,4173,1
794,23,4227,1
795,23,4288,1
796,23,4634,1
797,23,4642,1
798,23,4690,1
0,24,4655,5
1,24,9135,5
2,24,8808,5
3,24,2596,5
4,24,9931,5
5,24,6211,5
6,24,9660,5
7,24,5987,5
8,24,9048,5
9,24,619,5
10,24,3013,5
11,24,3441,5
12,24,3570,5
13,24,6580,5
14,24,6323,5
15,24,4565,5
16,24,5806,5
17,24,5535,5
18,24,2239,5
19,24,5859,5
20,24,4553,5
21,24,546,5
183,24,551,4
184,24,1075,4
185,24,1150,4
186,24,1855,4
187,24,2927,4
188,24,3048,4
189,24,3066,4
190,24,3102,4
191,24,3207,4
192,24,3248,4
193,24,3363,4
194,24,3422,4
195,24,4389,4
196,24,4472,4
197,24,4540,4
198,24,4586,4
199,24,5131,4
200,24,5133,4
201,24,5409,4
202,24,6234,4
203,24,7589,4
204,24,7912,4
370,24,757,3
371,24,1415,3
372,24,1560,3
373,24,1818,3
374,24,2043,3
375,24,2205,3
376,24,2262,3
377,24,2354,3
378,24,2362,3
379,24,2515,3
380,24,2582,3
381,24,3626,3
382,24,3809,3
383,24,3910,3
384,24,4444,3
385,24,4743,3
386,24,4776,3
387,24,4833,3
388,24,5049,3
389,24,5479,3
390,24,5568,3
391,24,5752,3
570,24,7,2
571,24,137,2
572,24,236,2
573,24,517,2
574,24,1548,2
575,24,1661,2
576,24,1734,2
577,24,2045,2
578,24,2057,2
579,24,2603,2
580,24,2807,2
581,24,2828,2
582,24,3351,2
583,24,3646,2
584,24,4158,2
585,24,4907,2
586,24,5301,2
587,24,5508,2
588,24,5975,2
589,24,6483,2
590,24,6518,2
591,24,6629,2
746,24,957,1
747,24,1295,1
748,24,1632,1
749,24,1776,1
750,24,2055,1
751,24,2201,1
752,24,2349,1
753,24,2643,1
754,24,3131,1
755,24,3200,1
756,24,3239,1
757,24,3348,1
758,24,3793,1
759,24,3977,1
760,24,4107,1
761,24,4144,1
762,24,4173,1
763,24,4227,1
764,24,4288,1
765,24,4634,1
766,24,4642,1
767,24,4690,1
0,25,9591,5
1,25,9669,5
2,25,9008,5
3,25,598,5
4,25,3985,5
5,25,2426,5
6,25,4097,5
7,25,4114,5
8,25,5893,5
9,25,9004,5
10,25,2991,5
11,25,3924,5
12,25,9272,5
13,25,308,5
14,25,10105,5
15,25,3668,5
16,25,3963,5
17,25,4982,5
18,25,10047,5
19,25,5184,5
20,25,6135,5
21,25,9414,5
194,25,551,4
195,25,1075,4
196,25,1150,4
197,25,1855,4
198,25,2927,4
199,25,3048,4
200,25,3066,4
201,25,3102,4
202,25,3207,4
203,25,3248,4
204,25,3363,4
205,25,3422,4
206,25,4389,4
207,25,4472,4
208,25,4540,4
209,25,4586,4
210,25,5131,4
211,25,5133,4
212,25,5409,4
213,25,6234,4
214,25,7589,4
215,25,7912,4
381,25,757,3
382,25,1415,3
383,25,1560,3
384,25,1818,3
385,25,2043,3
386,25,2205,3
387,25,2262,3
388,25,2354,3
389,25,2362,3
390,25,2515,3
391,25,2582,3
392,25,3626,3
393,25,3809,3
394,25,3910,3
395,25,4444,3
396,25,4743,3
397,25,4776,3
398,25,4833,3
399,25,5049,3
400,25,5479,3
401,25,5568,3
402,25,5752,3
578,25,7,2
579,25,137,2
580,25,236,2
581,25,517,2
582,25,1548,2
583,25,1661,2
584,25,1734,2
585,25,2045,2
586,25,2057,2
587,25,2603,2
588,25,2807,2
589,25,2828,2
590,25,3351,2
591,25,3646,2
592,25,4158,2
593,25,4553,2
594,25,4907,2
595,25,5301,2
596,25,5508,2
597,25,5975,2
598,25,6483,2
599,25,6518,2
753,25,957,1
754,25,1295,1
755,25,1632,1
756,25,1776,1
757,25,2055,1
758,25,2201,1
759,25,2349,1
760,25,2643,1
761,25,3131,1
762,25,3200,1
763,25,3239,1
764,25,3348,1
765,25,3793,1
766,25,3977,1
767,25,4107,1
768,25,4144,1
769,25,4173,1
770,25,4227,1
771,25,4288,1
772,25,4634,1
773,25,4642,1
774,25,4690,1
0,26,2097,5
1,26,4423,5
2,26,5446,5
3,26,3509,5
4,26,9032,5
5,26,1648,5
6,26,2672,5
7,26,7639,5
8,26,7790,5
9,26,7863,5
10,26,8193,5
11,26,8896,5
12,26,7350,5
13,26,9084,5
14,26,2160,5
15,26,4084,5
16,26,618,5
17,26,7118,5
18,26,1496,5
19,26,5141,5
20,26,5562,5
21,26,5570,5
199,26,642,4
200,26,667,4
201,26,3008,4
202,26,5016,4
203,26,5155,4
204,26,7192,4
205,26,7402,4
206,26,9213,4
207,26,1452,4
208,26,9074,4
209,26,4148,4
210,26,5376,4
211,26,1695,4
212,26,2675,4
213,26,3234,4
214,26,3462,4
215,26,3696,4
216,26,4118,4
217,26,4312,4
218,26,4679,4
219,26,5553,4
220,26,6332,4
399,26,791,3
400,26,906,3
401,26,1849,3
402,26,3010,3
403,26,5919,3
404,26,6749,3
405,26,7502,3
406,26,2806,3
407,26,5167,3
408,26,8987,3
409,26,10181,3
410,26,10267,3
411,26,10306,3
412,26,1442,3
413,26,7131,3
414,26,8732,3
415,26,9092,3
416,26,1538,3
417,26,4498,3
418,26,5322,3
419,26,21,3
420,26,6017,3
597,26,271,2
598,26,6428,2
599,26,6539,2
600,26,6685,2
601,26,6921,2
602,26,6950,2
603,26,7198,2
604,26,7246,2
605,26,7771,2
606,26,7866,2
607,26,7881,2
608,26,9437,2
609,26,9551,2
610,26,2787,2
611,26,4555,2
612,26,5211,2
613,26,6299,2
614,26,7840,2
615,26,10095,2
616,26,10232,2
617,26,1005,2
618,26,1722,2
799,26,1747,1
800,26,4899,1
801,26,9448,1
802,26,477,1
803,26,797,1
804,26,1534,1
805,26,1749,1
806,26,2028,1
807,26,2265,1
808,26,2381,1
809,26,2974,1
810,26,3284,1
811,26,3418,1
812,26,4083,1
813,26,5414,1
814,26,5914,1
815,26,6898,1
816,26,8104,1
817,26,8906,1
818,26,8988,1
819,26,9150,1
820,26,9489,1
0,27,609,5
1,27,690,5
2,27,3297,5
3,27,3993,5
4,27,1546,5
5,27,4705,5
6,27,2985,5
7,27,9944,5
8,27,4982,5
9,27,5538,5
10,27,1191,5
11,27,5780,5
12,27,10025,5
13,27,2775,5
14,27,2459,5
15,27,8891,5
16,27,9176,5
17,27,8210,5
18,27,166,5
19,27,5964,5
20,27,332,5
21,27,7977,5
196,27,1857,4
197,27,1972,4
198,27,2011,4
199,27,2862,4
200,27,4274,4
201,27,5036,4
202,27,7164,4
203,27,9825,4
204,27,4923,4
205,27,9221,4
206,27,547,4
207,27,4749,4
208,27,5114,4
209,27,5794,4
210,27,7382,4
211,27,8529,4
212,27,2315,4
213,27,6191,4
214,27,4336,4
215,27,6611,4
216,27,7716,4
217,27,10014,4
397,27,4667,3
398,27,5791,3
399,27,7300,3
400,27,7508,3
401,27,7653,3
402,27,8499,3
403,27,8773,3
404,27,9804,3
405,27,9968,3
406,27,10134,3
407,27,1170,3
408,27,1924,3
409,27,2827,3
410,27,2895,3
411,27,2909,3
412,27,3241,3
413,27,3758,3
414,27,4965,3
415,27,5323,3
416,27,5615,3
417,27,6572,3
418,27,7201,3
553,27,757,2
554,27,1415,2
555,27,1560,2
556,27,1818,2
557,27,2043,2
558,27,2205,2
559,27,2262,2
560,27,2354,2
561,27,2362,2
562,27,2515,2
563,27,2582,2
564,27,3626,2
565,27,3809,2
566,27,3910,2
567,27,4444,2
568,27,4743,2
569,27,4776,2
570,27,4833,2
571,27,5049,2
572,27,5479,2
573,27,5568,2
574,27,5752,2
786,27,1119,1
787,27,1164,1
788,27,1309,1
789,27,1487,1
790,27,1741,1
791,27,1969,1
792,27,1992,1
793,27,2159,1
794,27,2272,1
795,27,2331,1
796,27,2478,1
797,27,2670,1
798,27,3113,1
799,27,3117,1
800,27,3143,1
801,27,3406,1
802,27,3692,1
803,27,3954,1
804,27,4027,1
805,27,4247,1
806,27,4448,1
807,27,4512,1
0,28,9712,5
1,28,5363,5
2,28,8388,5
3,28,8451,5
4,28,6144,5
5,28,8854,5
6,28,3284,5
7,28,4277,5
8,28,1248,5
9,28,2659,5
10,28,8621,5
11,28,8768,5
12,28,6991,5
13,28,5148,5
14,28,4534,5
15,28,9012,5
16,28,1480,5
17,28,4285,5
18,28,9241,5
19,28,6730,5
20,28,8210,5
21,28,6299,5
200,28,3292,4
201,28,9100,4
202,28,9,4
203,28,128,4
204,28,852,4
205,28,866,4
206,28,1398,4
207,28,4985,4
208,28,9926,4
209,28,9962,4
210,28,2182,4
211,28,5071,4
212,28,5835,4
213,28,4455,4
214,28,3725,4
215,28,4725,4
216,28,5167,4
217,28,213,4
218,28,3323,4
219,28,5417,4
220,28,1000,4
221,28,1708,4
391,28,3122,3
392,28,3318,3
393,28,4550,3
394,28,6469,3
395,28,8085,3
396,28,8090,3
397,28,8226,3
398,28,8337,3
399,28,9444,3
400,28,9479,3
401,28,9542,3
402,28,6188,3
403,28,4589,3
404,28,5057,3
405,28,7992,3
406,28,5718,3
407,28,1858,3
408,28,4390,3
409,28,5144,3
410,28,6658,3
411,28,6709,3
412,28,7032,3
599,28,1107,2
600,28,3548,2
601,28,6438,2
602,28,2926,2
603,28,469,2
604,28,4184,2
605,28,8776,2
606,28,1770,2
607,28,3171,2
608,28,3886,2
609,28,983,2
610,28,1114,2
611,28,5170,2
612,28,5951,2
613,28,7460,2
614,28,2787,2
615,28,2603,2
616,28,4158,2
617,28,2852,2
618,28,6780,2
619,28,7957,2
620,28,1262,2
797,28,1165,1
798,28,3262,1
799,28,6111,1
800,28,8163,1
801,28,9495,1
802,28,9497,1
803,28,9658,1
804,28,9692,1
805,28,682,1
806,28,4087,1
807,28,1443,1
808,28,1763,1
809,28,3390,1
810,28,3586,1
811,28,3964,1
812,28,4383,1
813,28,6205,1
814,28,6323,1
815,28,6710,1
816,28,6858,1
817,28,8186,1
818,28,8318,1
0,29,7286,5
1,29,5955,5
2,29,2432,5
3,29,6268,5
4,29,2565,5
5,29,2841,5
6,29,7315,5
7,29,9352,5
8,29,8288,5
9,29,7971,5
10,29,5556,5
11,29,10123,5
12,29,4139,5
13,29,4467,5
14,29,9070,5
15,29,6510,5
16,29,1690,5
17,29,1108,5
18,29,3233,5
19,29,5146,5
20,29,7761,5
21,29,5801,5
198,29,1383,4
199,29,1574,4
200,29,1797,4
201,29,4265,4
202,29,8390,4
203,29,8453,4
204,29,4091,4
205,29,4754,4
206,29,5659,4
207,29,6924,4
208,29,6999,4
209,29,8696,4
210,29,9941,4
211,29,9951,4
212,29,2083,4
213,29,8098,4
214,29,9223,4
215,29,3570,4
216,29,15,4
217,29,1252,4
218,29,1394,4
219,29,2978,4
400,29,3786,3
401,29,4239,3
402,29,6595,3
403,29,9094,3
404,29,3932,3
405,29,4079,3
406,29,5754,3
407,29,5880,3
408,29,7217,3
409,29,7358,3
410,29,8372,3
411,29,9522,3
412,29,9814,3
413,29,9853,3
414,29,9922,3
415,29,9959,3
416,29,413,3
417,29,1565,3
418,29,1861,3
419,29,2507,3
420,29,3995,3
421,29,4549,3
566,29,749,2
567,29,858,2
568,29,1528,2
569,29,2810,2
570,29,3069,2
571,29,3255,2
572,29,3639,2
573,29,3756,2
574,29,3771,2
575,29,3812,2
576,29,3868,2
577,29,4414,2
578,29,4446,2
579,29,4570,2
580,29,4864,2
581,29,5052,2
582,29,5231,2
583,29,5370,2
584,29,5631,2
585,29,5748,2
586,29,5964,2
587,29,6168,2
757,29,810,1
758,29,920,1
759,29,1136,1
760,29,1658,1
761,29,1770,1
762,29,1809,1
763,29,2208,1
764,29,2222,1
765,29,2310,1
766,29,2492,1
767,29,2843,1
768,29,2920,1
769,29,3171,1
770,29,3353,1
771,29,3622,1
772,29,3672,1
773,29,3675,1
774,29,4100,1
775,29,4166,1
776,29,4491,1
777,29,4697,1
778,29,5102,1
0,30,635,5
1,30,1847,5
2,30,4557,5
3,30,2148,5
4,30,5082,5
5,30,7231,5
6,30,5470,5
7,30,1716,5
8,30,7504,5
9,30,6784,5
10,30,62,5
11,30,4697,5
12,30,10034,5
13,30,10068,5
14,30,24,5
15,30,7380,5
16,30,1724,5
17,30,77,5
18,30,2404,5
19,30,1667,5
20,30,7468,5
21,30,9269,5
200,30,6299,4
201,30,9343,4
202,30,4006,4
203,30,6039,4
204,30,6133,4
205,30,1919,4
206,30,7287,4
207,30,1169,4
208,30,9869,4
209,30,771,4
210,30,7092,4
211,30,4914,4
212,30,5125,4
213,30,5226,4
214,30,6007,4
215,30,9014,4
216,30,4341,4
217,30,4897,4
218,30,5993,4
219,30,6556,4
220,30,6802,4
221,30,2861,4
394,30,677,3
395,30,897,3
396,30,1281,3
397,30,2029,3
398,30,2897,3
399,30,2984,3
400,30,3157,3
401,30,4045,3
402,30,7341,3
403,30,8145,3
404,30,2131,3
405,30,2658,3
406,30,6438,3
407,30,1376,3
408,30,3733,3
409,30,2408,3
410,30,3037,3
411,30,6341,3
412,30,6955,3
413,30,711,3
414,30,1103,3
415,30,1298,3
592,30,271,2
593,30,6428,2
594,30,6539,2
595,30,6685,2
596,30,6950,2
597,30,7198,2
598,30,7246,2
599,30,7771,2
600,30,7866,2
601,30,7881,2
602,30,9437,2
603,30,9551,2
604,30,2787,2
605,30,4555,2
606,30,5211,2
607,30,7840,2
608,30,10095,2
609,30,10232,2
610,30,5657,2
611,30,1005,2
612,30,1722,2
613,30,2048,2
800,30,477,1
801,30,797,1
802,30,1534,1
803,30,1749,1
804,30,2028,1
805,30,2265,1
806,30,2381,1
807,30,2974,1
808,30,3284,1
809,30,3418,1
810,30,4083,1
811,30,5414,1
812,30,5914,1
813,30,6898,1
814,30,7834,1
815,30,8104,1
816,30,8906,1
817,30,8988,1
818,30,9150,1
819,30,9316,1
820,30,9489,1
821,30,10059,1
0,31,5255,5
1,31,3799,5
2,31,6096,5
3,31,7298,5
4,31,2876,5
5,31,1483,5
6,31,7127,5
7,31,9285,5
8,31,5580,5
9,31,3044,5
10,31,7040,5
11,31,4173,5
12,31,5851,5
13,31,6026,5
14,31,5100,5
15,31,6437,5
16,31,2865,5
17,31,4652,5
18,31,5976,5
19,31,796,5
20,31,1472,5
21,31,3537,5
200,31,4899,4
201,31,3451,4
202,31,3950,4
203,31,4275,4
204,31,4342,4
205,31,5103,4
206,31,6418,4
207,31,9697,4
208,31,952,4
209,31,2406,4
210,31,1395,4
211,31,1687,4
212,31,3985,4
213,31,3727,4
214,31,5684,4
215,31,5686,4
216,31,5884,4
217,31,1241,4
218,31,1410,4
219,31,2247,4
220,31,3483,4
221,31,3822,4
396,31,1421,3
397,31,1438,3
398,31,1965,3
399,31,3739,3
400,31,4775,3
401,31,4957,3
402,31,5489,3
403,31,5719,3
404,31,7058,3
405,31,7376,3
406,31,7480,3
407,31,7503,3
408,31,7587,3
409,31,8017,3
410,31,8991,3
411,31,9115,3
412,31,551,3
413,31,1075,3
414,31,1150,3
415,31,1855,3
416,31,2927,3
417,31,3048,3
598,31,757,2
599,31,1415,2
600,31,1560,2
601,31,1818,2
602,31,2043,2
603,31,2205,2
604,31,2262,2
605,31,2354,2
606,31,2362,2
607,31,2515,2
608,31,2582,2
609,31,3626,2
610,31,3809,2
611,31,3910,2
612,31,4444,2
613,31,4743,2
614,31,4776,2
615,31,4833,2
616,31,5049,2
617,31,5479,2
618,31,5568,2
619,31,5752,2
794,31,7,1
795,31,137,1
796,31,236,1
797,31,517,1
798,31,1548,1
799,31,1661,1
800,31,2045,1
801,31,2057,1
802,31,2603,1
803,31,2807,1
804,31,3351,1
805,31,3646,1
806,31,4158,1
807,31,4553,1
808,31,4907,1
809,31,5301,1
810,31,5508,1
811,31,5975,1
812,31,6483,1
813,31,6518,1
814,31,6629,1
815,31,6809,1
0,32,9734,5
1,32,9795,5
2,32,1924,5
3,32,2871,5
4,32,2929,5
5,32,3228,5
6,32,5292,5
7,32,8105,5
8,32,2848,5
9,32,1223,5
10,32,642,5
11,32,5121,5
12,32,2854,5
13,32,6674,5
14,32,9306,5
15,32,3300,5
16,32,3560,5
17,32,4271,5
18,32,2368,5
19,32,901,5
20,32,8201,5
21,32,7505,5
195,32,2615,4
196,32,2749,4
197,32,5421,4
198,32,5504,4
199,32,6021,4
200,32,7190,4
201,32,10208,4
202,32,10221,4
203,32,1884,4
204,32,3759,4
205,32,7064,4
206,32,9756,4
207,32,9837,4
208,32,9887,4
209,32,1295,4
210,32,2201,4
211,32,2643,4
212,32,3348,4
213,32,3793,4
214,32,4144,4
215,32,4288,4
216,32,4634,4
395,32,451,3
396,32,2177,3
397,32,5348,3
398,32,6218,3
399,32,7242,3
400,32,9097,3
401,32,9167,3
402,32,1953,3
403,32,3710,3
404,32,4727,3
405,32,5466,3
406,32,7260,3
407,32,7746,3
408,32,9105,3
409,32,7550,3
410,32,1713,3
411,32,1905,3
412,32,2453,3
413,32,2605,3
414,32,3263,3
415,32,3961,3
416,32,5299,3
600,32,5182,2
601,32,9650,2
602,32,9,2
603,32,125,2
604,32,3544,2
605,32,5976,2
606,32,6334,2
607,32,7658,2
608,32,10179,2
609,32,10265,2
610,32,10304,2
611,32,1472,2
612,32,2723,2
613,32,2805,2
614,32,2963,2
615,32,3537,2
616,32,4025,2
617,32,4308,2
618,32,4525,2
619,32,4546,2
620,32,4787,2
621,32,5373,2
798,32,2064,1
799,32,2233,1
800,32,2579,1
801,32,3633,1
802,32,3845,1
803,32,4302,1
804,32,5223,1
805,32,5482,1
806,32,5951,1
807,32,6993,1
808,32,7094,1
809,32,7704,1
810,32,7814,1
811,32,7974,1
812,32,7984,1
813,32,8785,1
814,32,9107,1
815,32,625,1
816,32,2979,1
817,32,6294,1
818,32,7195,1
819,32,2008,1
0,33,6787,5
1,33,6175,5
2,33,1398,5
3,33,2138,5
4,33,3284,5
5,33,1214,5
6,33,4277,5
7,33,1248,5
8,33,6144,5
9,33,8854,5
10,33,9327,5
11,33,10204,5
12,33,10217,5
13,33,5148,5
14,33,6690,5
15,33,2793,5
16,33,6992,5
17,33,9012,5
18,33,811,5
19,33,1480,5
20,33,2215,5
21,33,4285,5
200,33,3033,4
201,33,2984,4
202,33,4407,4
203,33,5986,4
204,33,472,4
205,33,2134,4
206,33,3398,4
207,33,3827,4
208,33,6928,4
209,33,7112,4
210,33,7436,4
211,33,7929,4
212,33,8321,4
213,33,9331,4
214,33,9704,4
215,33,10026,4
216,33,5417,4
217,33,6255,4
218,33,7997,4
219,33,8705,4
220,33,3005,4
221,33,556,4
395,33,524,3
396,33,571,3
397,33,1639,3
398,33,1646,3
399,33,4688,3
400,33,5529,3
401,33,5635,3
402,33,7027,3
403,33,8694,3
404,33,315,3
405,33,2133,3
406,33,5660,3
407,33,6662,3
408,33,2223,3
409,33,3494,3
410,33,7270,3
411,33,7323,3
412,33,8570,3
413,33,9438,3
414,33,6845,3
415,33,6902,3
416,33,7509,3
598,33,253,2
599,33,395,2
600,33,682,2
601,33,744,2
602,33,781,2
603,33,6032,2
604,33,6530,2
605,33,7205,2
606,33,8269,2
607,33,9302,2
608,33,2908,2
609,33,54,2
610,33,345,2
611,33,3089,2
612,33,3884,2
613,33,5494,2
614,33,5746,2
615,33,6149,2
616,33,7721,2
617,33,9484,2
618,33,746,2
619,33,816,2
776,33,551,1
777,33,1075,1
778,33,1150,1
779,33,1855,1
780,33,2927,1
781,33,3048,1
782,33,3066,1
783,33,3102,1
784,33,3207,1
785,33,3248,1
786,33,3422,1
787,33,4389,1
788,33,4472,1
789,33,4540,1
790,33,4586,1
791,33,5131,1
792,33,5133,1
793,33,5409,1
794,33,6234,1
795,33,7589,1
796,33,7912,1
797,33,8000,1
0,34,7918,5
1,34,3284,5
2,34,9359,5
3,34,8611,5
4,34,341,5
5,34,4277,5
6,34,1248,5
7,34,1808,5
8,34,6826,5
9,34,8349,5
10,34,5148,5
11,34,5346,5
12,34,9012,5
13,34,4562,5
14,34,1480,5
15,34,4285,5
16,34,9241,5
17,34,6730,5
18,34,3570,5
19,34,4025,5
20,34,9113,5
21,34,7276,5
198,34,881,4
199,34,2703,4
200,34,3648,4
201,34,3869,4
202,34,5877,4
203,34,10042,4
204,34,6700,4
205,34,6794,4
206,34,2138,4
207,34,8854,4
208,34,929,4
209,34,4306,4
210,34,6847,4
211,34,8655,4
212,34,8679,4
213,34,8738,4
214,34,2577,4
215,34,2939,4
216,34,3848,4
217,34,6175,4
218,34,6506,4
219,34,7033,4
400,34,8554,3
401,34,941,3
402,34,5371,3
403,34,6188,3
404,34,8296,3
405,34,8559,3
406,34,9957,3
407,34,5262,3
408,34,9211,3
409,34,2384,3
410,34,7847,3
411,34,3211,3
412,34,9286,3
413,34,9470,3
414,34,5972,3
415,34,8996,3
416,34,9046,3
417,34,4728,3
418,34,2673,3
419,34,6206,3
420,34,9303,3
421,34,9789,3
587,34,1170,2
588,34,1924,2
589,34,2827,2
590,34,2895,2
591,34,2909,2
592,34,3241,2
593,34,3758,2
594,34,4965,2
595,34,5323,2
596,34,5615,2
597,34,6572,2
598,34,7201,2
599,34,7372,2
600,34,7393,2
601,34,7604,2
602,34,8018,2
603,34,8075,2
604,34,8808,2
605,34,9087,2
606,34,9367,2
607,34,2088,2
608,34,2430,2
783,34,414,1
784,34,1434,1
785,34,2716,1
786,34,3519,1
787,34,3571,1
788,34,4072,1
789,34,4099,1
790,34,5318,1
791,34,5627,1
792,34,5776,1
793,34,5801,1
794,34,6176,1
795,34,7403,1
796,34,7907,1
797,34,8971,1
798,34,9134,1
799,34,9512,1
800,34,10321,1
801,34,9541,1
802,34,185,1
803,34,4297,1
804,34,650,1
0,35,6627,5
1,35,6410,5
2,35,3910,5
3,35,7440,5
4,35,3151,5
5,35,9246,5
6,35,2055,5
7,35,4288,5
8,35,4733,5
9,35,9590,5
10,35,9609,5
11,35,4056,5
12,35,2433,5
13,35,2480,5
14,35,7471,5
15,35,5462,5
16,35,9768,5
17,35,5156,5
18,35,1713,5
19,35,7609,5
20,35,8869,5
21,35,1965,5
198,35,4249,4
199,35,5132,4
200,35,6051,4
201,35,6645,4
202,35,5230,4
203,35,6625,4
204,35,7760,4
205,35,5067,4
206,35,6425,4
207,35,9006,4
208,35,9690,4
209,35,10037,4
210,35,10259,4
211,35,9568,4
212,35,4811,4
213,35,5647,4
214,35,6706,4
215,35,7245,4
216,35,7578,4
217,35,7918,4
218,35,8437,4
219,35,9546,4
398,35,106,3
399,35,111,3
400,35,778,3
401,35,1011,3
402,35,1289,3
403,35,1403,3
404,35,1759,3
405,35,2238,3
406,35,3185,3
407,35,3856,3
408,35,6702,3
409,35,6794,3
410,35,7055,3
411,35,8249,3
412,35,8753,3
413,35,1080,3
414,35,2817,3
415,35,4262,3
416,35,6740,3
417,35,165,3
418,35,190,3
419,35,467,3
598,35,929,2
599,35,943,2
600,35,1324,2
601,35,1585,2
602,35,1826,2
603,35,1840,2
604,35,2405,2
605,35,2742,2
606,35,2763,2
607,35,3325,2
608,35,3728,2
609,35,4551,2
610,35,4560,2
611,35,5588,2
612,35,6743,2
613,35,6796,2
614,35,6847,2
615,35,7483,2
616,35,7667,2
617,35,7724,2
618,35,8150,2
619,35,9327,2
799,35,242,1
800,35,469,1
801,35,2601,1
802,35,2630,1
803,35,2738,1
804,35,3111,1
805,35,4575,1
806,35,2855,1
807,35,7258,1
808,35,3000,1
809,35,5262,1
810,35,9211,1
811,35,2384,1
812,35,7847,1
813,35,3211,1
814,35,9286,1
815,35,9470,1
816,35,5972,1
817,35,8996,1
818,35,9046,1
819,35,4728,1
820,35,2673,1
0,36,211,5
1,36,7532,5
2,36,8106,5
3,36,7822,5
4,36,3261,5
5,36,2352,5
6,36,187,5
7,36,5632,5
8,36,1890,5
9,36,3887,5
10,36,7567,5
11,36,1330,5
12,36,3206,5
13,36,1390,5
14,36,1584,5
15,36,4850,5
16,36,3877,5
17,36,4935,5
18,36,4835,5
19,36,1486,5
20,36,3472,5
21,36,1224,5
188,36,1421,4
189,36,1438,4
190,36,1965,4
191,36,3739,4
192,36,4775,4
193,36,4957,4
194,36,5489,4
195,36,5719,4
196,36,7058,4
197,36,7376,4
198,36,7480,4
199,36,7503,4
200,36,7587,4
201,36,8017,4
202,36,8991,4
203,36,9115,4
204,36,551,4
205,36,1075,4
206,36,1150,4
207,36,1855,4
208,36,2927,4
209,36,3048,4
392,36,757,3
393,36,1415,3
394,36,1560,3
395,36,1818,3
396,36,2043,3
397,36,2205,3
398,36,2262,3
399,36,2354,3
400,36,2362,3
401,36,2515,3
402,36,2582,3
403,36,3626,3
404,36,3809,3
405,36,3910,3
406,36,4444,3
407,36,4743,3
408,36,4776,3
409,36,4833,3
410,36,5049,3
411,36,5479,3
412,36,5568,3
413,36,5752,3
591,36,7,2
592,36,137,2
593,36,236,2
594,36,517,2
595,36,1548,2
596,36,1661,2
597,36,1734,2
598,36,2045,2
599,36,2057,2
600,36,2603,2
601,36,2807,2
602,36,2828,2
603,36,3351,2
604,36,3646,2
605,36,4158,2
606,36,4553,2
607,36,4907,2
608,36,5301,2
609,36,5508,2
610,36,5975,2
611,36,6483,2
612,36,6518,2
768,36,957,1
769,36,1295,1
770,36,1632,1
771,36,1776,1
772,36,2055,1
773,36,2201,1
774,36,2349,1
775,36,2643,1
776,36,3131,1
777,36,3200,1
778,36,3239,1
779,36,3348,1
780,36,3793,1
781,36,3977,1
782,36,4107,1
783,36,4144,1
784,36,4173,1
785,36,4227,1
786,36,4288,1
787,36,4634,1
788,36,4642,1
789,36,4690,1
0,37,9142,5
1,37,7027,5
2,37,4239,5
3,37,7813,5
4,37,1285,5
5,37,2786,5
6,37,3544,5
7,37,53,5
8,37,1173,5
9,37,10278,5
10,37,10288,5
11,37,1883,5
12,37,718,5
13,37,290,5
14,37,9416,5
15,37,4407,5
16,37,2361,5
17,37,1867,5
18,37,7839,5
19,37,1655,5
20,37,9808,5
21,37,9289,5
200,37,583,4
201,37,2785,4
202,37,2380,4
203,37,909,4
204,37,3153,4
205,37,3203,4
206,37,7153,4
207,37,7727,4
208,37,8473,4
209,37,1757,4
210,37,4352,4
211,37,6038,4
212,37,6148,4
213,37,6277,4
214,37,9667,4
215,37,158,4
216,37,2701,4
217,37,3075,4
218,37,3729,4
219,37,4178,4
220,37,5428,4
221,37,6341,4
398,37,1182,3
399,37,2985,3
400,37,3886,3
401,37,7454,3
402,37,271,3
403,37,6428,3
404,37,6539,3
405,37,6685,3
406,37,6921,3
407,37,6950,3
408,37,7198,3
409,37,7246,3
410,37,7771,3
411,37,7866,3
412,37,7881,3
413,37,9437,3
414,37,9551,3
415,37,2787,3
416,37,4555,3
417,37,5211,3
418,37,6299,3
419,37,7840,3
599,37,417,2
600,37,9003,2
601,37,9011,2
602,37,1747,2
603,37,4899,2
604,37,9448,2
605,37,477,2
606,37,797,2
607,37,1534,2
608,37,1749,2
609,37,2028,2
610,37,2265,2
611,37,2381,2
612,37,2974,2
613,37,3284,2
614,37,3418,2
615,37,4083,2
616,37,5414,2
617,37,5914,2
618,37,6898,2
619,37,7834,2
620,37,8104,2
788,37,300,1
789,37,2263,1
790,37,2561,1
791,37,3045,1
792,37,3115,1
793,37,3267,1
794,37,3430,1
795,37,4102,1
796,37,4374,1
797,37,4432,1
798,37,5157,1
799,37,5170,1
800,37,5943,1
801,37,5970,1
802,37,6009,1
803,37,6074,1
804,37,6107,1
805,37,6453,1
806,37,6504,1
807,37,6842,1
808,37,7162,1
809,37,7591,1
0,38,4655,5
1,38,9135,5
2,38,8808,5
3,38,2596,5
4,38,9931,5
5,38,9660,5
6,38,619,5
7,38,3441,5
8,38,3570,5
9,38,4565,5
10,38,5806,5
11,38,5859,5
12,38,5262,5
13,38,9211,5
14,38,2384,5
15,38,7847,5
16,38,3211,5
17,38,9286,5
18,38,9470,5
19,38,5972,5
20,38,8996,5
21,38,9046,5
191,38,4667,4
192,38,5791,4
193,38,7300,4
194,38,7508,4
195,38,7653,4
196,38,8499,4
197,38,8773,4
198,38,9376,4
199,38,9804,4
200,38,9968,4
201,38,10134,4
202,38,1170,4
203,38,1924,4
204,38,2827,4
205,38,2895,4
206,38,2909,4
207,38,3241,4
208,38,3758,4
209,38,4965,4
210,38,5323,4
211,38,5615,4
212,38,6572,4
396,38,2510,3
397,38,3725,3
398,38,4847,3
399,38,5003,3
400,38,5574,3
401,38,414,3
402,38,427,3
403,38,1434,3
404,38,2716,3
405,38,3519,3
406,38,3571,3
407,38,4072,3
408,38,4099,3
409,38,4628,3
410,38,5318,3
411,38,5627,3
412,38,5776,3
413,38,5801,3
414,38,6176,3
415,38,7403,3
416,38,7907,3
417,38,8971,3
583,38,1119,2
584,38,1164,2
585,38,1309,2
586,38,1487,2
587,38,1741,2
588,38,1969,2
589,38,1992,2
590,38,2159,2
591,38,2272,2
592,38,2331,2
593,38,2478,2
594,38,2670,2
595,38,3113,2
596,38,3117,2
597,38,3143,2
598,38,3406,2
599,38,3692,2
600,38,3954,2
601,38,4027,2
602,38,4247,2
603,38,4448,2
604,38,4512,2
724,38,957,1
725,38,1295,1
726,38,1632,1
727,38,1776,1
728,38,2055,1
729,38,2201,1
730,38,2349,1
731,38,2643,1
732,38,3131,1
733,38,3200,1
734,38,3239,1
735,38,3348,1
736,38,3793,1
737,38,3977,1
738,38,4107,1
739,38,4144,1
740,38,4173,1
741,38,4227,1
742,38,4288,1
743,38,4634,1
744,38,4642,1
745,38,4690,1
0,39,5905,5
1,39,9142,5
2,39,7027,5
3,39,4239,5
4,39,7813,5
5,39,1285,5
6,39,2786,5
7,39,3544,5
8,39,53,5
9,39,1173,5
10,39,10278,5
11,39,10288,5
12,39,1883,5
13,39,718,5
14,39,290,5
15,39,9416,5
16,39,4407,5
17,39,2361,5
18,39,1867,5
19,39,7839,5
20,39,1655,5
21,39,731,5
193,39,800,4
194,39,884,4
195,39,1057,4
196,39,1405,4
197,39,1659,4
198,39,3231,4
199,39,3523,4
200,39,3819,4
201,39,5213,4
202,39,5772,4
203,39,6746,4
204,39,8499,4
205,39,9804,4
206,39,2501,4
207,39,2238,4
208,39,4345,4
209,39,7293,4
210,39,9156,4
211,39,9956,4
212,39,9973,4
213,39,2430,4
214,39,826,4
388,39,104,3
389,39,586,3
390,39,781,3
391,39,1307,3
392,39,1471,3
393,39,2688,3
394,39,3486,3
395,39,3598,3
396,39,4230,3
397,39,4436,3
398,39,4962,3
399,39,5939,3
400,39,6213,3
401,39,6915,3
402,39,7590,3
403,39,9585,3
404,39,9601,3
405,39,9676,3
406,39,9713,3
407,39,3705,3
408,39,66,3
409,39,471,3
587,39,1421,2
588,39,1438,2
589,39,1965,2
590,39,3739,2
591,39,4775,2
592,39,4957,2
593,39,5489,2
594,39,5719,2
595,39,7058,2
596,39,7376,2
597,39,7480,2
598,39,7503,2
599,39,7587,2
600,39,8017,2
601,39,9115,2
602,39,551,2
603,39,1075,2
604,39,1150,2
605,39,1855,2
606,39,2927,2
607,39,3048,2
608,39,3066,2
785,39,757,1
786,39,1415,1
787,39,1560,1
788,39,1818,1
789,39,2043,1
790,39,2205,1
791,39,2262,1
792,39,2354,1
793,39,2362,1
794,39,2515,1
795,39,2582,1
796,39,3626,1
797,39,3809,1
798,39,3910,1
799,39,4444,1
800,39,4743,1
801,39,4776,1
802,39,4833,1
803,39,5049,1
804,39,5479,1
805,39,5568,1
806,39,5752,1
0,40,6215,5
1,40,4277,5
2,40,1248,5
3,40,6329,5
4,40,5148,5
5,40,1985,5
6,40,9012,5
7,40,3590,5
8,40,7942,5
9,40,1480,5
10,40,4285,5
11,40,9241,5
12,40,6730,5
13,40,3178,5
14,40,7276,5
15,40,5640,5
16,40,8807,5
17,40,5023,5
18,40,9734,5
19,40,9795,5
20,40,4514,5
21,40,5363,5
197,40,928,4
198,40,1201,4
199,40,1857,4
200,40,3522,4
201,40,341,4
202,40,1863,4
203,40,8210,4
204,40,10033,4
205,40,10067,4
206,40,3179,4
207,40,5169,4
208,40,8554,4
209,40,5371,4
210,40,6188,4
211,40,8296,4
212,40,8559,4
213,40,9957,4
214,40,9282,4
215,40,4739,4
216,40,7767,4
217,40,5321,4
218,40,7864,4
387,40,1545,3
388,40,1800,3
389,40,1983,3
390,40,4055,3
391,40,4138,3
392,40,7211,3
393,40,7287,3
394,40,7356,3
395,40,7663,3
396,40,8036,3
397,40,8375,3
398,40,8377,3
399,40,9143,3
400,40,10251,3
401,40,304,3
402,40,3421,3
403,40,1736,3
404,40,2346,3
405,40,2642,3
406,40,2863,3
407,40,3215,3
408,40,3257,3
593,40,123,2
594,40,432,2
595,40,628,2
596,40,925,2
597,40,936,2
598,40,1482,2
599,40,2178,2
600,40,2485,2
601,40,2578,2
602,40,3002,2
603,40,3125,2
604,40,3951,2
605,40,4422,2
606,40,4589,2
607,40,4640,2
608,40,4716,2
609,40,5817,2
610,40,7594,2
611,40,8225,2
612,40,8308,2
613,40,8336,2
614,40,8386,2
791,40,3,1
792,40,543,1
793,40,947,1
794,40,1006,1
795,40,1961,1
796,40,2089,1
797,40,2153,1
798,40,2782,1
799,40,3138,1
800,40,3144,1
801,40,4042,1
802,40,4356,1
803,40,4486,1
804,40,4708,1
805,40,4921,1
806,40,4976,1
807,40,5101,1
808,40,5181,1
809,40,5486,1
810,40,5821,1
811,40,6060,1
812,40,6100,1
